channel,training_category,title,url,video_id,upload_date,duration,view_count,description_length,description,source_url,collected_at
Schmersal Reining,reining,Chic Out My Gold,https://www.youtube.com/watch?v=QUQQDw9heaQ,QUQQDw9heaQ,20170622,2:57,784,76,3 year old mare by Pale Face Dunnit x She and Chic Dunnit dam to Boomshernic,https://www.youtube.com/user/SchmersalReining,2026-06-17 20:41:07
Schmersal Reining,reining,Pale Faced Whiz,https://www.youtube.com/watch?v=KGZFjpPvQ5k,KGZFjpPvQ5k,20170622,1:52,1619,53,2 year old filly by Pale Face Dunnit x Ms Maggie Whiz,https://www.youtube.com/user/SchmersalReining,2026-06-17 20:41:07
Schmersal Reining,reining,Doll With A Gun,https://www.youtube.com/watch?v=gRvEp1GuiG4,gRvEp1GuiG4,20170621,2:16,524,59,2 year old filly Tinker with Guns out of Wimpys Little Doll,https://www.youtube.com/user/SchmersalReining,2026-06-17 20:41:07
Schmersal Reining,reining,Pale Face Sofie,https://www.youtube.com/watch?v=BObg5kk3aPM,BObg5kk3aPM,20170619,1:27,925,80,"2015 bay filly By Pale Face Dunnit x Boomerita produce earnings over 250,000.00!",https://www.youtube.com/user/SchmersalReining,2026-06-17 20:41:07
Schmersal Reining,reining,Hollys Final Spark,https://www.youtube.com/watch?v=ijPMqIdQvIs,ijPMqIdQvIs,20170619,2:04,513,0,,https://www.youtube.com/user/SchmersalReining,2026-06-17 20:41:07
Schmersal Reining,reining,Im That Chick,https://www.youtube.com/watch?v=HpCEcmAkJm0,HpCEcmAkJm0,20170619,2:11,652,52,2 year old filly by Wimpys Little Step x Jameen Chic,https://www.youtube.com/user/SchmersalReining,2026-06-17 20:41:07
Schmersal Reining,reining,Shes Gunna Sail,https://www.youtube.com/watch?v=G7TP-5_KhWo,G7TP-5_KhWo,20170328,3:10,935,15,Shes Gunna Sail,https://www.youtube.com/user/SchmersalReining,2026-06-17 20:41:07
Schmersal Reining,reining,Shining High  Spook 3 year old mare by Smart Spook x Shining High Roller,https://www.youtube.com/watch?v=9Kdb0K8o09g,9Kdb0K8o09g,20170320,3:54,1127,18,Shining High Spook,https://www.youtube.com/user/SchmersalReining,2026-06-17 20:41:07
Schmersal Reining,reining,Easy Details,https://www.youtube.com/watch?v=syRC24t-e4o,syRC24t-e4o,20131018,3:02,210,13,Congress 2013,https://www.youtube.com/user/SchmersalReining,2026-06-17 20:41:07
Schmersal Reining,reining,Pale Face Dunnit Foals,https://www.youtube.com/watch?v=EP4z7ciNyxc,EP4z7ciNyxc,20131007,3:40,1683,0,,https://www.youtube.com/user/SchmersalReining,2026-06-17 20:41:07
Schmersal Reining,reining,Come take a ride with Craig Schmersal on his futurity horse,https://www.youtube.com/watch?v=Z-p9v5CgsFo,Z-p9v5CgsFo,20130802,5:18,4974,0,,https://www.youtube.com/user/SchmersalReining,2026-06-17 20:41:07
Schmersal Reining,reining,PFD NRBC 2013,https://www.youtube.com/watch?v=ZcqYZeNGXe8,ZcqYZeNGXe8,20130408,0:49,1932,13,PFD NRBC 2013,https://www.youtube.com/user/SchmersalReining,2026-06-17 20:41:07
Schmersal Reining,reining,Pale Face Dunnit Slide Show,https://www.youtube.com/watch?v=THAUyjDCI88,THAUyjDCI88,20130128,0:57,7545,48,Check out the Gold Digger babies in these photos,https://www.youtube.com/user/SchmersalReining,2026-06-17 20:41:07
Schmersal Reining,reining,Pale Face Dunnit Ride Along,https://www.youtube.com/watch?v=j16jjYA-akU,j16jjYA-akU,20120417,8:24,3568,0,,https://www.youtube.com/user/SchmersalReining,2026-06-17 20:41:07
Schmersal Reining,reining,Pale face NRBC 2012,https://www.youtube.com/watch?v=6BTMKHNL0hs,6BTMKHNL0hs,20120226,0:49,6708,26,produced by Nick Schmersal,https://www.youtube.com/user/SchmersalReining,2026-06-17 20:41:07
Schmersal Reining,reining,PaleFace Dunnit,https://www.youtube.com/watch?v=YyhCcsXU1_A,YyhCcsXU1_A,20120112,5:24,3199,0,,https://www.youtube.com/user/SchmersalReining,2026-06-17 20:41:07
Schmersal Reining,reining,Pale Face Dunnit score 229!,https://www.youtube.com/watch?v=OO9PYZ6uy5g,OO9PYZ6uy5g,20110919,5:21,32309,243,"High Roller Reining Classic score 229! Pale Face Dunnit son of Gunner and out of the great mare Lena Dunnit. This gorgeous stallion stands in Ardmore,Oklahoma at the Hickory Creek Ranch, home of Schmersal Reining Horses. www.schmersalranch.com",https://www.youtube.com/user/SchmersalReining,2026-06-17 20:41:07
Schmersal Reining,reining,Tack Made Simple - reining training with Craig Schmersal,https://www.youtube.com/watch?v=nmmYq5iMz4w,nmmYq5iMz4w,20110826,1:08,5817,308,"Choosing the right horse equipment can seem complicated, but it doesn't have to be. The newest video from Good As Gold Reining, ""Tack Made Simple"" by Craig Schmersal guides you through the selection and use of reining horse tack. You can buy the DVD now at the Schmersal Ranch online Store [trainingtack.com]",https://www.youtube.com/user/SchmersalReining,2026-06-17 20:41:07
Schmersal Reining,reining,Craig schmersal,https://www.youtube.com/watch?v=0YL80Jf5Wqc,0YL80Jf5Wqc,20101003,4:50,3086,37,NBC individual world equestrian games,https://www.youtube.com/user/SchmersalReining,2026-06-17 20:41:07
Schmersal Reining,reining,Gymnastics and Pale Face Dunnit,https://www.youtube.com/watch?v=HapQMnQ6cUE,HapQMnQ6cUE,20120501,0:41,2802,20,Trick riding lessons,https://www.youtube.com/user/SchmersalReining,2026-06-17 20:41:07
Jason Vanlandingham - Vanlandingham Reining Horses,reining,The Eternal Ride 128,https://www.youtube.com/watch?v=dcGrUlpV6WY,dcGrUlpV6WY,20260615,6:30,38,0,,https://www.youtube.com/user/jasonvanlandingham,2026-06-17 20:41:07
Jason Vanlandingham - Vanlandingham Reining Horses,reining,The Eternal Ride 127 ~ Worship service at the “Iron Sharpens Iron Youth Clinic”,https://www.youtube.com/watch?v=u2vWURjzW4k,u2vWURjzW4k,20260530,35:01,271,0,,https://www.youtube.com/user/jasonvanlandingham,2026-06-17 20:41:07
Jason Vanlandingham - Vanlandingham Reining Horses,reining,The Eternal Ride 126,https://www.youtube.com/watch?v=fEYrma-LDeQ,fEYrma-LDeQ,20260515,8:50,69,0,,https://www.youtube.com/user/jasonvanlandingham,2026-06-17 20:41:07
Jason Vanlandingham - Vanlandingham Reining Horses,reining,The Eternal Ride 125,https://www.youtube.com/watch?v=d3e1UZrPavY,d3e1UZrPavY,20260501,8:09,53,0,,https://www.youtube.com/user/jasonvanlandingham,2026-06-17 20:41:07
Jason Vanlandingham - Vanlandingham Reining Horses,reining,The Eternal Ride 124 ~ Worship Service at the NRBC,https://www.youtube.com/watch?v=G-Iv7q8Xsyk,G-Iv7q8Xsyk,20260419,39:10,92,0,,https://www.youtube.com/user/jasonvanlandingham,2026-06-17 20:41:07
Jason Vanlandingham - Vanlandingham Reining Horses,reining,The Eternal Ride 123,https://www.youtube.com/watch?v=ejrnhbNDUzY,ejrnhbNDUzY,20260401,9:30,98,0,,https://www.youtube.com/user/jasonvanlandingham,2026-06-17 20:41:07
Jason Vanlandingham - Vanlandingham Reining Horses,reining,The Eternal Ride 122,https://www.youtube.com/watch?v=x469EGmjPC0,x469EGmjPC0,20260315,9:07,83,0,,https://www.youtube.com/user/jasonvanlandingham,2026-06-17 20:41:07
Jason Vanlandingham - Vanlandingham Reining Horses,reining,The Eternal Ride 121,https://www.youtube.com/watch?v=BdPhXI0-I_8,BdPhXI0-I_8,20260301,9:21,78,0,,https://www.youtube.com/user/jasonvanlandingham,2026-06-17 20:41:07
Jason Vanlandingham - Vanlandingham Reining Horses,reining,The Eternal Ride 120,https://www.youtube.com/watch?v=ulA3nUPlcWs,ulA3nUPlcWs,20260215,8:40,100,0,,https://www.youtube.com/user/jasonvanlandingham,2026-06-17 20:41:07
Jason Vanlandingham - Vanlandingham Reining Horses,reining,The Eternal Ride 119,https://www.youtube.com/watch?v=TTWvYFu2czE,TTWvYFu2czE,20260201,21:31,278,0,,https://www.youtube.com/user/jasonvanlandingham,2026-06-17 20:41:07
Jason Vanlandingham - Vanlandingham Reining Horses,reining,The Eternal Ride 118,https://www.youtube.com/watch?v=6hOJrPU9Gto,6hOJrPU9Gto,20260115,11:20,164,0,,https://www.youtube.com/user/jasonvanlandingham,2026-06-17 20:41:07
Jason Vanlandingham - Vanlandingham Reining Horses,reining,The Eternal Ride 117,https://www.youtube.com/watch?v=BmQcvcKMGXk,BmQcvcKMGXk,20260101,9:01,154,0,,https://www.youtube.com/user/jasonvanlandingham,2026-06-17 20:41:07
Jason Vanlandingham - Vanlandingham Reining Horses,reining,The Eternal Ride 116,https://www.youtube.com/watch?v=S2nWOsonxeY,S2nWOsonxeY,20251214,9:16,72,0,,https://www.youtube.com/user/jasonvanlandingham,2026-06-17 20:41:07
Jason Vanlandingham - Vanlandingham Reining Horses,reining,The Eternal Ride 115,https://www.youtube.com/watch?v=ayrpg5HZLYI,ayrpg5HZLYI,20251130,8:37,63,0,,https://www.youtube.com/user/jasonvanlandingham,2026-06-17 20:41:07
Jason Vanlandingham - Vanlandingham Reining Horses,reining,The Eternal Ride 114,https://www.youtube.com/watch?v=CuGu4xC1Yjg,CuGu4xC1Yjg,20251114,6:05,69,0,,https://www.youtube.com/user/jasonvanlandingham,2026-06-17 20:41:07
Jason Vanlandingham - Vanlandingham Reining Horses,reining,The Eternal Ride 113,https://www.youtube.com/watch?v=Js42bn7CLFg,Js42bn7CLFg,20251101,8:14,66,0,,https://www.youtube.com/user/jasonvanlandingham,2026-06-17 20:41:07
Jason Vanlandingham - Vanlandingham Reining Horses,reining,The Eternal Ride 112,https://www.youtube.com/watch?v=ohuFqqGq3k4,ohuFqqGq3k4,20251015,8:53,64,0,,https://www.youtube.com/user/jasonvanlandingham,2026-06-17 20:41:07
Jason Vanlandingham - Vanlandingham Reining Horses,reining,The Eternal Ride 111,https://www.youtube.com/watch?v=SG4X7I1M6Js,SG4X7I1M6Js,20251001,5:07,76,0,,https://www.youtube.com/user/jasonvanlandingham,2026-06-17 20:41:07
Jason Vanlandingham - Vanlandingham Reining Horses,reining,The Eternal Ride 110,https://www.youtube.com/watch?v=Za3cYOdPjNs,Za3cYOdPjNs,20250915,16:08,174,0,,https://www.youtube.com/user/jasonvanlandingham,2026-06-17 20:41:07
Jason Vanlandingham - Vanlandingham Reining Horses,reining,The Eternal Ride 109,https://www.youtube.com/watch?v=1UEwactQTao,1UEwactQTao,20250901,6:56,81,0,,https://www.youtube.com/user/jasonvanlandingham,2026-06-17 20:41:07
Jason Vanlandingham - Vanlandingham Reining Horses,reining,The Eternal Ride 108,https://www.youtube.com/watch?v=LE2vKZI3gY0,LE2vKZI3gY0,20250815,5:15,156,0,,https://www.youtube.com/user/jasonvanlandingham,2026-06-17 20:41:07
Jason Vanlandingham - Vanlandingham Reining Horses,reining,The Eternal Ride 107,https://www.youtube.com/watch?v=6nEjk8iSkU0,6nEjk8iSkU0,20250801,10:45,82,0,,https://www.youtube.com/user/jasonvanlandingham,2026-06-17 20:41:07
Jason Vanlandingham - Vanlandingham Reining Horses,reining,THE ETERNAL RIDE 106,https://www.youtube.com/watch?v=VluhaBREbbk,VluhaBREbbk,20250715,12:35,89,0,,https://www.youtube.com/user/jasonvanlandingham,2026-06-17 20:41:07
Jason Vanlandingham - Vanlandingham Reining Horses,reining,The Eternal Ride 105,https://www.youtube.com/watch?v=Zn2tgsPGuwY,Zn2tgsPGuwY,20250630,10:05,74,0,,https://www.youtube.com/user/jasonvanlandingham,2026-06-17 20:41:07
Jason Vanlandingham - Vanlandingham Reining Horses,reining,The Eternal Ride 104,https://www.youtube.com/watch?v=vTl7N8Lvzd4,vTl7N8Lvzd4,20250614,13:04,99,0,,https://www.youtube.com/user/jasonvanlandingham,2026-06-17 20:41:07
Jason Vanlandingham - Vanlandingham Reining Horses,reining,The Eternal Ride 103,https://www.youtube.com/watch?v=s-EA6eFi53M,s-EA6eFi53M,20250601,8:31,67,0,,https://www.youtube.com/user/jasonvanlandingham,2026-06-17 20:41:07
Jason Vanlandingham - Vanlandingham Reining Horses,reining,The Eternal Ride 102,https://www.youtube.com/watch?v=RiraO0MjErs,RiraO0MjErs,20250515,8:15,90,0,,https://www.youtube.com/user/jasonvanlandingham,2026-06-17 20:41:07
Jason Vanlandingham - Vanlandingham Reining Horses,reining,The Eternal Ride 101,https://www.youtube.com/watch?v=4-rU5DUFxDg,4-rU5DUFxDg,20250501,13:03,120,0,,https://www.youtube.com/user/jasonvanlandingham,2026-06-17 20:41:07
Jason Vanlandingham - Vanlandingham Reining Horses,reining,The Eternal Ride 100,https://www.youtube.com/watch?v=mI2cKDoO7Ys,mI2cKDoO7Ys,20250401,5:00,233,0,,https://www.youtube.com/user/jasonvanlandingham,2026-06-17 20:41:07
Jason Vanlandingham - Vanlandingham Reining Horses,reining,The Eternal Ride 99,https://www.youtube.com/watch?v=bf2eLF05Y1M,bf2eLF05Y1M,20250315,4:18,61,0,,https://www.youtube.com/user/jasonvanlandingham,2026-06-17 20:41:07
Jason Vanlandingham - Vanlandingham Reining Horses,reining,The Eternal Ride 98,https://www.youtube.com/watch?v=E1B3-GLEMoU,E1B3-GLEMoU,20250301,9:21,121,0,,https://www.youtube.com/user/jasonvanlandingham,2026-06-17 20:41:07
Jason Vanlandingham - Vanlandingham Reining Horses,reining,The Eternal Ride 97,https://www.youtube.com/watch?v=FhMnxRCDkgc,FhMnxRCDkgc,20250215,7:18,92,0,,https://www.youtube.com/user/jasonvanlandingham,2026-06-17 20:41:07
Jason Vanlandingham - Vanlandingham Reining Horses,reining,The Eternal Ride 96,https://www.youtube.com/watch?v=qK_zDMQsXxY,qK_zDMQsXxY,20250201,5:46,83,0,,https://www.youtube.com/user/jasonvanlandingham,2026-06-17 20:41:07
Jason Vanlandingham - Vanlandingham Reining Horses,reining,The Eternal Ride 95,https://www.youtube.com/watch?v=irrnOFCThFU,irrnOFCThFU,20250115,8:23,101,0,,https://www.youtube.com/user/jasonvanlandingham,2026-06-17 20:41:07
Jason Vanlandingham - Vanlandingham Reining Horses,reining,The Eternal Ride 94,https://www.youtube.com/watch?v=uCWE74hvv_8,uCWE74hvv_8,20250101,7:37,93,0,,https://www.youtube.com/user/jasonvanlandingham,2026-06-17 20:41:07
Jason Vanlandingham - Vanlandingham Reining Horses,reining,The Eternal Ride 93,https://www.youtube.com/watch?v=3R-2oDR-QvM,3R-2oDR-QvM,20241215,6:10,110,0,,https://www.youtube.com/user/jasonvanlandingham,2026-06-17 20:41:07
Jason Vanlandingham - Vanlandingham Reining Horses,reining,The Eternal Ride 92,https://www.youtube.com/watch?v=AO0WIyDL-4s,AO0WIyDL-4s,20241130,10:07,162,0,,https://www.youtube.com/user/jasonvanlandingham,2026-06-17 20:41:07
Jason Vanlandingham - Vanlandingham Reining Horses,reining,The Eternal Ride 91,https://www.youtube.com/watch?v=9BFZbJ81vEA,9BFZbJ81vEA,20241115,8:16,89,0,,https://www.youtube.com/user/jasonvanlandingham,2026-06-17 20:41:07
Jason Vanlandingham - Vanlandingham Reining Horses,reining,The Eternal Ride 90,https://www.youtube.com/watch?v=BY9ea2COPQc,BY9ea2COPQc,20241101,6:51,105,0,,https://www.youtube.com/user/jasonvanlandingham,2026-06-17 20:41:07
Jason Vanlandingham - Vanlandingham Reining Horses,reining,The Eternal Ride 89,https://www.youtube.com/watch?v=ZZMdEzIKLhI,ZZMdEzIKLhI,20241015,6:12,98,0,,https://www.youtube.com/user/jasonvanlandingham,2026-06-17 20:41:07
Jason Vanlandingham - Vanlandingham Reining Horses,reining,The Eternal Ride 88,https://www.youtube.com/watch?v=XoFi5XElQvM,XoFi5XElQvM,20241001,10:23,116,0,,https://www.youtube.com/user/jasonvanlandingham,2026-06-17 20:41:07
Jason Vanlandingham - Vanlandingham Reining Horses,reining,THE ETERNAL RIDE 87,https://www.youtube.com/watch?v=25kNhHwBssA,25kNhHwBssA,20240915,8:13,114,0,,https://www.youtube.com/user/jasonvanlandingham,2026-06-17 20:41:07
Jason Vanlandingham - Vanlandingham Reining Horses,reining,THE ETERNAL RIDE 86,https://www.youtube.com/watch?v=p2C_ArTf5mY,p2C_ArTf5mY,20240831,6:21,103,0,,https://www.youtube.com/user/jasonvanlandingham,2026-06-17 20:41:07
Jason Vanlandingham - Vanlandingham Reining Horses,reining,The Eternal Ride 85,https://www.youtube.com/watch?v=ZpR7fcb9ekU,ZpR7fcb9ekU,20240814,10:04,181,0,,https://www.youtube.com/user/jasonvanlandingham,2026-06-17 20:41:07
Jason Vanlandingham - Vanlandingham Reining Horses,reining,The Eternal Ride 84 (8/1/24),https://www.youtube.com/watch?v=Vxk6pzV5St4,Vxk6pzV5St4,20240801,8:42,86,0,,https://www.youtube.com/user/jasonvanlandingham,2026-06-17 20:41:07
Jason Vanlandingham - Vanlandingham Reining Horses,reining,THE ETERNAL RIDE 83,https://www.youtube.com/watch?v=1yQx68eafvc,1yQx68eafvc,20240714,6:50,115,0,,https://www.youtube.com/user/jasonvanlandingham,2026-06-17 20:41:07
Jason Vanlandingham - Vanlandingham Reining Horses,reining,The Eternal Ride 82 (6/15/24),https://www.youtube.com/watch?v=DYW9Qob0Bo0,DYW9Qob0Bo0,20240615,5:51,123,0,,https://www.youtube.com/user/jasonvanlandingham,2026-06-17 20:41:07
Jason Vanlandingham - Vanlandingham Reining Horses,reining,The Eternal Ride 81,https://www.youtube.com/watch?v=_Ng4C0YDVN8,_Ng4C0YDVN8,20240531,5:38,96,0,,https://www.youtube.com/user/jasonvanlandingham,2026-06-17 20:41:07
Jason Vanlandingham - Vanlandingham Reining Horses,reining,The Eternal Ride 80,https://www.youtube.com/watch?v=CEFxKKfAzMk,CEFxKKfAzMk,20240502,12:40,203,0,,https://www.youtube.com/user/jasonvanlandingham,2026-06-17 20:41:07
Jason Vanlandingham - Vanlandingham Reining Horses,reining,The Eternal Ride 79 (4/15/24),https://www.youtube.com/watch?v=5Ch8D6P1Dck,5Ch8D6P1Dck,20240415,10:50,151,0,,https://www.youtube.com/user/jasonvanlandingham,2026-06-17 20:41:07
Jason Vanlandingham - Vanlandingham Reining Horses,reining,The Eternal Ride 78 (4/1/24),https://www.youtube.com/watch?v=IKwBj-BjQOk,IKwBj-BjQOk,20240331,11:00,142,0,,https://www.youtube.com/user/jasonvanlandingham,2026-06-17 20:41:07
Jason Vanlandingham - Vanlandingham Reining Horses,reining,The Eternal Ride 77 (3/15/24),https://www.youtube.com/watch?v=TIYi3lylzfY,TIYi3lylzfY,20240315,6:05,242,0,,https://www.youtube.com/user/jasonvanlandingham,2026-06-17 20:41:07
Jason Vanlandingham - Vanlandingham Reining Horses,reining,The Eternal Ride 76 (3/1/24),https://www.youtube.com/watch?v=SOysNFfYUKQ,SOysNFfYUKQ,20240301,6:46,117,0,,https://www.youtube.com/user/jasonvanlandingham,2026-06-17 20:41:07
Jason Vanlandingham - Vanlandingham Reining Horses,reining,The Eternal Ride 75 (2/15/24),https://www.youtube.com/watch?v=OK_bNYy_l3Q,OK_bNYy_l3Q,20240215,8:38,139,0,,https://www.youtube.com/user/jasonvanlandingham,2026-06-17 20:41:07
Jason Vanlandingham - Vanlandingham Reining Horses,reining,The Eternal Ride 74 (2/1/24),https://www.youtube.com/watch?v=6dINuNw29ag,6dINuNw29ag,20240129,9:10,160,0,,https://www.youtube.com/user/jasonvanlandingham,2026-06-17 20:41:07
Jason Vanlandingham - Vanlandingham Reining Horses,reining,The Eternal Ride 73 (1/15/24),https://www.youtube.com/watch?v=PxFOyxS3dOU,PxFOyxS3dOU,20240115,5:12,118,0,,https://www.youtube.com/user/jasonvanlandingham,2026-06-17 20:41:07
Jason Vanlandingham - Vanlandingham Reining Horses,reining,The Eternal Ride 72 (1/1/24),https://www.youtube.com/watch?v=IcsqeG65JVs,IcsqeG65JVs,20231229,4:38,183,0,,https://www.youtube.com/user/jasonvanlandingham,2026-06-17 20:41:07
Jason Vanlandingham - Vanlandingham Reining Horses,reining,The Eternal Ride 71 (12/15/23),https://www.youtube.com/watch?v=li8YOX4uNis,li8YOX4uNis,20231215,9:43,157,0,,https://www.youtube.com/user/jasonvanlandingham,2026-06-17 20:41:07
Jason Vanlandingham - Vanlandingham Reining Horses,reining,The Eternal Ride 70 (11/15/23),https://www.youtube.com/watch?v=bFjd5oJf4Ow,bFjd5oJf4Ow,20231115,5:29,156,0,,https://www.youtube.com/user/jasonvanlandingham,2026-06-17 20:41:07
Jason Vanlandingham - Vanlandingham Reining Horses,reining,The Eternal Ride 69 (11/1/23),https://www.youtube.com/watch?v=VTvl2S57w0Y,VTvl2S57w0Y,20231101,6:52,123,0,,https://www.youtube.com/user/jasonvanlandingham,2026-06-17 20:41:07
Jason Vanlandingham - Vanlandingham Reining Horses,reining,The Eternal Ride 68 (10/15/23),https://www.youtube.com/watch?v=ou6R0CLcQoY,ou6R0CLcQoY,20231013,9:14,159,0,,https://www.youtube.com/user/jasonvanlandingham,2026-06-17 20:41:07
Jason Vanlandingham - Vanlandingham Reining Horses,reining,The Eternal Ride 67 (10/1/23),https://www.youtube.com/watch?v=HSr019t_0V0,HSr019t_0V0,20230929,12:20,172,0,,https://www.youtube.com/user/jasonvanlandingham,2026-06-17 20:41:07
Jason Vanlandingham - Vanlandingham Reining Horses,reining,The Eternal Ride 66 (9/1/23),https://www.youtube.com/watch?v=6cyKa6LDWag,6cyKa6LDWag,20230831,27:12,1020,0,,https://www.youtube.com/user/jasonvanlandingham,2026-06-17 20:41:07
Jason Vanlandingham - Vanlandingham Reining Horses,reining,The Eternal Ride 65 (8/15/23),https://www.youtube.com/watch?v=Z5j50ewplBc,Z5j50ewplBc,20230814,8:26,355,0,,https://www.youtube.com/user/jasonvanlandingham,2026-06-17 20:41:07
Jason Vanlandingham - Vanlandingham Reining Horses,reining,The Eternal Ride 64 (8/1/23),https://www.youtube.com/watch?v=F9ja5qBLhjA,F9ja5qBLhjA,20230731,8:06,152,0,,https://www.youtube.com/user/jasonvanlandingham,2026-06-17 20:41:07
Jason Vanlandingham - Vanlandingham Reining Horses,reining,The Eternal Ride 63 (7/15/23),https://www.youtube.com/watch?v=Q6RRjy8tXI8,Q6RRjy8tXI8,20230714,10:36,463,0,,https://www.youtube.com/user/jasonvanlandingham,2026-06-17 20:41:07
Jason Vanlandingham - Vanlandingham Reining Horses,reining,The Eternal Ride 62 (7/1/23),https://www.youtube.com/watch?v=jRmCntXctSM,jRmCntXctSM,20230630,7:04,82,0,,https://www.youtube.com/user/jasonvanlandingham,2026-06-17 20:41:07
Jason Vanlandingham - Vanlandingham Reining Horses,reining,The Eternal Ride 61 (6/15/23),https://www.youtube.com/watch?v=bLG2EeGN82I,bLG2EeGN82I,20230615,8:26,149,0,,https://www.youtube.com/user/jasonvanlandingham,2026-06-17 20:41:07
Jason Vanlandingham - Vanlandingham Reining Horses,reining,The Eternal Ride 60 (6/1/23),https://www.youtube.com/watch?v=CVD_nfmqI_8,CVD_nfmqI_8,20230601,10:21,124,0,,https://www.youtube.com/user/jasonvanlandingham,2026-06-17 20:41:07
Jason Vanlandingham - Vanlandingham Reining Horses,reining,The Eternal Ride 59 (5/15/23),https://www.youtube.com/watch?v=OaMlO385izY,OaMlO385izY,20230514,12:01,507,0,,https://www.youtube.com/user/jasonvanlandingham,2026-06-17 20:41:07
Jason Vanlandingham - Vanlandingham Reining Horses,reining,The Eternal Ride 58 (5/1/23),https://www.youtube.com/watch?v=IrhqDmnRSkY,IrhqDmnRSkY,20230430,9:59,345,0,,https://www.youtube.com/user/jasonvanlandingham,2026-06-17 20:41:07
Jason Vanlandingham - Vanlandingham Reining Horses,reining,The Eternal Ride episode 57 (4/1/23),https://www.youtube.com/watch?v=LVs-wQNIZAg,LVs-wQNIZAg,20230331,12:13,127,0,,https://www.youtube.com/user/jasonvanlandingham,2026-06-17 20:41:07
Jason Vanlandingham - Vanlandingham Reining Horses,reining,The Eternal Ride 56 (3/15/23),https://www.youtube.com/watch?v=0N4DFBa8ANQ,0N4DFBa8ANQ,20230315,8:59,115,0,,https://www.youtube.com/user/jasonvanlandingham,2026-06-17 20:41:07
Jason Vanlandingham - Vanlandingham Reining Horses,reining,The Eternal Ride 55 (3/1/23),https://www.youtube.com/watch?v=zJGqMsu0Lro,zJGqMsu0Lro,20230301,8:20,182,0,,https://www.youtube.com/user/jasonvanlandingham,2026-06-17 20:41:07
Jason Vanlandingham - Vanlandingham Reining Horses,reining,The Eternal Ride 54 (2/15/23),https://www.youtube.com/watch?v=1UXxD4gDOGw,1UXxD4gDOGw,20230215,5:53,135,0,,https://www.youtube.com/user/jasonvanlandingham,2026-06-17 20:41:07
Jason Vanlandingham - Vanlandingham Reining Horses,reining,The Eternal Ride 53 (2/1/23),https://www.youtube.com/watch?v=4Dyin0SXcv8,4Dyin0SXcv8,20230131,11:48,194,0,,https://www.youtube.com/user/jasonvanlandingham,2026-06-17 20:41:07
Jason Vanlandingham - Vanlandingham Reining Horses,reining,The Eternal Ride 52 (1/15/23),https://www.youtube.com/watch?v=NOwzgV_7bUQ,NOwzgV_7bUQ,20230115,8:31,155,0,,https://www.youtube.com/user/jasonvanlandingham,2026-06-17 20:41:07
Jason Vanlandingham - Vanlandingham Reining Horses,reining,The Eternal Ride 51 (1/1/23),https://www.youtube.com/watch?v=kDCS3eiz9sE,kDCS3eiz9sE,20230101,7:39,152,0,,https://www.youtube.com/user/jasonvanlandingham,2026-06-17 20:41:07
Jason Vanlandingham - Vanlandingham Reining Horses,reining,The Eternal Ride 50 (12/15/22),https://www.youtube.com/watch?v=H9E2ecaBi5o,H9E2ecaBi5o,20221215,7:40,265,0,,https://www.youtube.com/user/jasonvanlandingham,2026-06-17 20:41:07
Jason Vanlandingham - Vanlandingham Reining Horses,reining,The Eternal Ride 49 (12/1/22),https://www.youtube.com/watch?v=Jbn2l1UtwGU,Jbn2l1UtwGU,20221201,6:10,118,0,,https://www.youtube.com/user/jasonvanlandingham,2026-06-17 20:41:07
Jason Vanlandingham - Vanlandingham Reining Horses,reining,The Eternal Ride 48 (11/15/22),https://www.youtube.com/watch?v=HPvFdmJBzBM,HPvFdmJBzBM,20221114,7:34,170,0,,https://www.youtube.com/user/jasonvanlandingham,2026-06-17 20:41:07
Jason Vanlandingham - Vanlandingham Reining Horses,reining,The Eternal Ride 47 (11/1/22),https://www.youtube.com/watch?v=4Bm1pabtOd8,4Bm1pabtOd8,20221101,7:05,133,0,,https://www.youtube.com/user/jasonvanlandingham,2026-06-17 20:41:07
Jason Vanlandingham - Vanlandingham Reining Horses,reining,The Eternal Ride 46 (10/15/22),https://www.youtube.com/watch?v=PoBiwRhvRVk,PoBiwRhvRVk,20221015,7:03,129,0,,https://www.youtube.com/user/jasonvanlandingham,2026-06-17 20:41:07
Jason Vanlandingham - Vanlandingham Reining Horses,reining,The Eternal Ride 45 (10/1/22),https://www.youtube.com/watch?v=FFJ5qnfuhj4,FFJ5qnfuhj4,20221001,10:53,144,0,,https://www.youtube.com/user/jasonvanlandingham,2026-06-17 20:41:07
Jason Vanlandingham - Vanlandingham Reining Horses,reining,The Eternal Ride 44 (9/15/22),https://www.youtube.com/watch?v=Negi-UROP4s,Negi-UROP4s,20220914,6:39,169,0,,https://www.youtube.com/user/jasonvanlandingham,2026-06-17 20:41:07
Jason Vanlandingham - Vanlandingham Reining Horses,reining,The Eternal Ride 43 (9/1/22),https://www.youtube.com/watch?v=BeHwBmyRL8g,BeHwBmyRL8g,20220901,8:59,106,0,,https://www.youtube.com/user/jasonvanlandingham,2026-06-17 20:41:07
Jason Vanlandingham - Vanlandingham Reining Horses,reining,The Eternal Ride 42 (8/15/22),https://www.youtube.com/watch?v=TaO2yebEcSs,TaO2yebEcSs,20220815,8:22,192,0,,https://www.youtube.com/user/jasonvanlandingham,2026-06-17 20:41:07
Jason Vanlandingham - Vanlandingham Reining Horses,reining,The Eternal Ride 15 (6/15/21),https://www.youtube.com/watch?v=wLGkU0pSD4A,wLGkU0pSD4A,20210615,7:19,203,0,,https://www.youtube.com/user/jasonvanlandingham,2026-06-17 20:41:07
Jason Vanlandingham - Vanlandingham Reining Horses,reining,The Eternal Ride 14 (6/1/21),https://www.youtube.com/watch?v=ajxr47Hcj8k,ajxr47Hcj8k,20210601,9:42,206,0,,https://www.youtube.com/user/jasonvanlandingham,2026-06-17 20:41:07
Jason Vanlandingham - Vanlandingham Reining Horses,reining,The Eternal Ride  13 (5/15/21),https://www.youtube.com/watch?v=Rk0Rh_Gu6OE,Rk0Rh_Gu6OE,20210515,9:32,252,0,,https://www.youtube.com/user/jasonvanlandingham,2026-06-17 20:41:07
Jason Vanlandingham - Vanlandingham Reining Horses,reining,The Eternal Ride  12 (5/1/21),https://www.youtube.com/watch?v=Ia09-1NsUTI,Ia09-1NsUTI,20210430,10:47,391,0,,https://www.youtube.com/user/jasonvanlandingham,2026-06-17 20:41:07
Jason Vanlandingham - Vanlandingham Reining Horses,reining,The Eternal Ride 11 (4/15/21),https://www.youtube.com/watch?v=D1NNYbFroR4,D1NNYbFroR4,20210415,10:31,267,0,,https://www.youtube.com/user/jasonvanlandingham,2026-06-17 20:41:07
Jason Vanlandingham - Vanlandingham Reining Horses,reining,The Eternal Ride 10 (4/1/21),https://www.youtube.com/watch?v=oLabEeizGOg,oLabEeizGOg,20210401,8:26,322,0,,https://www.youtube.com/user/jasonvanlandingham,2026-06-17 20:41:07
Jason Vanlandingham - Vanlandingham Reining Horses,reining,The Eternal Ride 9 (3/15/21),https://www.youtube.com/watch?v=BRNkamj94_I,BRNkamj94_I,20210315,8:42,210,0,,https://www.youtube.com/user/jasonvanlandingham,2026-06-17 20:41:07
Jason Vanlandingham - Vanlandingham Reining Horses,reining,The Eternal Ride  8 (3/1/21),https://www.youtube.com/watch?v=UBFLNooeQbw,UBFLNooeQbw,20210301,11:15,268,0,,https://www.youtube.com/user/jasonvanlandingham,2026-06-17 20:41:07
Jason Vanlandingham - Vanlandingham Reining Horses,reining,The Eternal Ride 7 (2/15/21),https://www.youtube.com/watch?v=sAENDSWYTQ4,sAENDSWYTQ4,20210215,12:06,209,0,,https://www.youtube.com/user/jasonvanlandingham,2026-06-17 20:41:07
Jason Vanlandingham - Vanlandingham Reining Horses,reining,The Eternal Ride 6 (2/1/21),https://www.youtube.com/watch?v=Fg85kW2AUSo,Fg85kW2AUSo,20210201,12:34,290,0,,https://www.youtube.com/user/jasonvanlandingham,2026-06-17 20:41:07
Jason Vanlandingham - Vanlandingham Reining Horses,reining,The Eternal Ride 5 (1/15/21),https://www.youtube.com/watch?v=35ohKzNlR18,35ohKzNlR18,20210115,10:46,255,0,,https://www.youtube.com/user/jasonvanlandingham,2026-06-17 20:41:07
Jason Vanlandingham - Vanlandingham Reining Horses,reining,The Eternal Ride 4 (1/1/21),https://www.youtube.com/watch?v=LPF0FAg9xUI,LPF0FAg9xUI,20201231,11:52,465,0,,https://www.youtube.com/user/jasonvanlandingham,2026-06-17 20:41:07
Jason Vanlandingham - Vanlandingham Reining Horses,reining,The Eternal Ride 3 (12/15/20),https://www.youtube.com/watch?v=F7cqrbZH9uQ,F7cqrbZH9uQ,20201221,10:38,338,0,,https://www.youtube.com/user/jasonvanlandingham,2026-06-17 20:41:07
Jason Vanlandingham - Vanlandingham Reining Horses,reining,The Eternal Ride 2 (12/1/20),https://www.youtube.com/watch?v=El6RWh1DkeI,El6RWh1DkeI,20201217,10:12,545,0,,https://www.youtube.com/user/jasonvanlandingham,2026-06-17 20:41:07
Jason Vanlandingham - Vanlandingham Reining Horses,reining,The Eternal Ride 1 (11/15/20),https://www.youtube.com/watch?v=cMrig-Sz8yM,cMrig-Sz8yM,20201216,12:51,1067,0,,https://www.youtube.com/user/jasonvanlandingham,2026-06-17 20:41:07
Jason Vanlandingham - Vanlandingham Reining Horses,reining,"not ruf at all, ridden by jason vanlandingham, owned by vaughn c zimmerman   225 5 1280x720",https://www.youtube.com/watch?v=pUJLJI3m3YA,pUJLJI3m3YA,20131212,4:52,16112,33,2013 NRHA Open Futurity Champions,https://www.youtube.com/user/jasonvanlandingham,2026-06-17 20:41:07
Jason Vanlandingham - Vanlandingham Reining Horses,reining,Not Ruf At All,https://www.youtube.com/watch?v=Y-Ldv6-sEPM,Y-Ldv6-sEPM,20131111,5:22,1966,96,2013 Open Futurity Champions High Roller Reining Classic: Not Ruf At All and Jason Vanlandingham,https://www.youtube.com/user/jasonvanlandingham,2026-06-17 20:41:07
Jason Vanlandingham - Vanlandingham Reining Horses,reining,highlight video,https://www.youtube.com/watch?v=Q7nfddzCPUE,Q7nfddzCPUE,20131106,6:08,1046,0,,https://www.youtube.com/user/jasonvanlandingham,2026-06-17 20:41:07
Jason Vanlandingham - Vanlandingham Reining Horses,reining,A Smokin Whiz,https://www.youtube.com/watch?v=50OiBeOjS80,50OiBeOjS80,20130902,4:26,2392,37,2013 NRHA Open Derby Reserve Champion,https://www.youtube.com/user/jasonvanlandingham,2026-06-17 20:41:07
Jason Vanlandingham - Vanlandingham Reining Horses,reining,Not Ruf At All,https://www.youtube.com/watch?v=LuNwx3SWpxY,LuNwx3SWpxY,20130901,5:43,3664,63,Open Futurity Champions at the 2013 Ariat Tulsa Reining Classic,https://www.youtube.com/user/jasonvanlandingham,2026-06-17 20:41:07
Jason Vanlandingham - Vanlandingham Reining Horses,reining,A SMOKIN WHIZ,https://www.youtube.com/watch?v=pagG0TzXmZc,pagG0TzXmZc,20120114,4:50,1346,41,2011 NRHA Level 3 OPEN FUTURITY CHAMPION.,https://www.youtube.com/user/jasonvanlandingham,2026-06-17 20:41:07
Al Dunning,reining,Cattin Sparrow - Cutting Horse for Sale,https://www.youtube.com/watch?v=nFaCHICMBPc,nFaCHICMBPc,20250826,0:53,636,388,"🚨 For Sale: Cattin Sparrow aka “Jack” 🚨 2019 Gelding by High Brow Cat x Peptoboonsmal mare NCHA earning of over $35,000 Looking for your next competitive partner? Jack is the real deal. Talented, consistent, and non-pro friendly, this gelding is the total package for anyone serious about cutting. Honest, easy to be around, and bred to perform—he’s ready to keep winning in the show pen.",https://www.youtube.com/@AlDunning,2026-06-17 21:35:32
Al Dunning,reining,For Sale: 2020 NRCHA/AQHA Gelding,https://www.youtube.com/watch?v=T86TWUUFQiY,T86TWUUFQiY,20240328,5:25,496,79,Contact Al Dunning 480-471-4600 or email Al@AlDunning.com for more information!,https://www.youtube.com/@AlDunning,2026-06-17 21:35:32
Al Dunning,reining,Don & Chrissie Brown Online Benefit Auction,https://www.youtube.com/watch?v=OYltCgegV1w,OYltCgegV1w,20240313,1:34,495,688,"Don Brown is an iconic west coast horsemen, friend to many, and one of the best hackamore braiders of all time. I have been fortunate to call Don my friend for over 40 years. The life of a cowboy is not easy, and the years of of bronc riding, working on ranches, training and showing horse, and braiding rawhide has taken a toll on Don's body. At 88 years old, he is no longer able to work due to his ailments. We have organized this auction to benefit Don and his wife Chrissie through these challenging times! You can also donate to the GoFund here: https://www.gofundme.com/f/help-don-chrissie-brown Bid in the Auction Here: https://airauctioneer.com/don-chrissie-brown-benefit-auction",https://www.youtube.com/@AlDunning,2026-06-17 21:35:32
Al Dunning,reining,Help Don & Chrissie Brown,https://www.youtube.com/watch?v=ChZviRIT6X4,ChZviRIT6X4,20240220,0:38,83,219,"My longtime friend, Don Brown, is experiencing some major health issues. Please click the link below and consider donating to our GoFundMe to help support Don & Chrissie in their time of need! https://gofund.me/5056734e",https://www.youtube.com/@AlDunning,2026-06-17 21:35:32
Al Dunning,reining,Purina RepleniMash Endorsement featuring Al Dunning,https://www.youtube.com/watch?v=jtbFT2nA6sA,jtbFT2nA6sA,20240214,1:50,233,23,Video by Ryan Goldsmith,https://www.youtube.com/@AlDunning,2026-06-17 21:35:32
Al Dunning,reining,“We Believe in BEMER” featuring Al Dunning,https://www.youtube.com/watch?v=PA3O2eo9uaQ,PA3O2eo9uaQ,20240213,1:17,303,23,Video by Ryan Goldsmith,https://www.youtube.com/@AlDunning,2026-06-17 21:35:32
Al Dunning,reining,YoYo Head Setter - The Al Dunning Collection by Schutz Brothers,https://www.youtube.com/watch?v=RS2diylUsE0,RS2diylUsE0,20230614,0:47,2722,100,Available at https://aldunning.com/product/yoyo-headsetter-al-dunning-collection-by-schutz-brothers/,https://www.youtube.com/@AlDunning,2026-06-17 21:35:32
Al Dunning,reining,Big Ring Martingale - The Al Dunning Collection by Schutz Brothers,https://www.youtube.com/watch?v=oSDQdA7V2p4,oSDQdA7V2p4,20230613,1:17,1244,127,Available at https://aldunning.com/product/big-ring-martingale-with-sliding-neckstrap-al-dunning-collection-by-schutz-brothers/,https://www.youtube.com/@AlDunning,2026-06-17 21:35:32
Al Dunning,reining,"Black Friday 2020: 20% OFF All Books, Leg Protection and More!",https://www.youtube.com/watch?v=z9Z-yyJRf2E,z9Z-yyJRf2E,20230225,0:52,109,180,"Happy Black Friday! Shop AD Tack for 20% off all books, DVDs, leg protection and lunge ropes & ties! Plus look out for daily deals now through Cyber Monday! www.aldunning.com/store",https://www.youtube.com/@AlDunning,2026-06-17 21:35:32
Al Dunning,reining,Schutz Brothers By Professionals Choice Flat Caveson Tutorial,https://www.youtube.com/watch?v=QUZVEe_bW-0,QUZVEe_bW-0,20230225,0:37,176,0,,https://www.youtube.com/@AlDunning,2026-06-17 21:35:32
Al Dunning,reining,Schutz Brothers By Professionals Choice Reins Endorsement featuring Al Dunning,https://www.youtube.com/watch?v=DB1WAeRlOdw,DB1WAeRlOdw,20230225,0:49,473,0,,https://www.youtube.com/@AlDunning,2026-06-17 21:35:32
Al Dunning,reining,Preston Williams Bits and Snaffles - Product Walkthrough,https://www.youtube.com/watch?v=Q2cxj80TIQA,Q2cxj80TIQA,20230225,2:16,1637,0,,https://www.youtube.com/@AlDunning,2026-06-17 21:35:32
Al Dunning,reining,Schutz Brothers By Professionals Choice German Martingale Tutorial,https://www.youtube.com/watch?v=z_QdfC9bNuI,z_QdfC9bNuI,20230225,1:31,1348,0,,https://www.youtube.com/@AlDunning,2026-06-17 21:35:32
Al Dunning,reining,Justin Boots Endorsement featuring Al Dunning,https://www.youtube.com/watch?v=H9B8d9FoPYg,H9B8d9FoPYg,20230225,0:53,91,0,,https://www.youtube.com/@AlDunning,2026-06-17 21:35:32
Al Dunning,reining,JW Brooks Endorsement featuring Al Dunning,https://www.youtube.com/watch?v=Hmi7qcMubw8,Hmi7qcMubw8,20230225,1:25,81,0,,https://www.youtube.com/@AlDunning,2026-06-17 21:35:32
Al Dunning,reining,Farnam Commercial featuring Al Dunning,https://www.youtube.com/watch?v=vmVLQTLYWHk,vmVLQTLYWHk,20230225,0:45,87,0,,https://www.youtube.com/@AlDunning,2026-06-17 21:35:32
Al Dunning,reining,Introduction to the CowTrac Mechanical Cow with Al Dunning,https://www.youtube.com/watch?v=lwY2N9459Z8,lwY2N9459Z8,20230225,6:31,7334,0,,https://www.youtube.com/@AlDunning,2026-06-17 21:35:32
Al Dunning,reining,LubriSyn HA Endorsement featuring Al Dunning,https://www.youtube.com/watch?v=fFQV0rmGy9E,fFQV0rmGy9E,20230225,0:58,73,0,,https://www.youtube.com/@AlDunning,2026-06-17 21:35:32
Al Dunning,reining,Team AD Skills Assessment Stage 2 Introduction,https://www.youtube.com/watch?v=XAia_nFSGPY,XAia_nFSGPY,20220924,1:20,638,150,"Welcome to Stage 2! In this stage, we will build on the basics from Stage 1, focusing on the combination of you and your horse. Ride well! -Al Dunning",https://www.youtube.com/@AlDunning,2026-06-17 21:35:32
Al Dunning,reining,Team AD Skills Assessment Stage 3 Introduction,https://www.youtube.com/watch?v=mF3rWTyv1bc,mF3rWTyv1bc,20220924,0:55,417,168,"Welcome to Stage 3! In the final stage, we will continue to expand on the skills from Stages 1 & 2, placing emphasis on advanced horse maneuvers. Ride well! -Al Dunning",https://www.youtube.com/@AlDunning,2026-06-17 21:35:32
Al Dunning,reining,Team AD Skills Assessment Introduction,https://www.youtube.com/watch?v=9wQ7bBWcfhU,9wQ7bBWcfhU,20220916,1:01,570,359,"Welcome and thanks for joining Team AD! I have compiled a list of essential skills that will help you in realizing your potential as a horseman or horsewoman. As you make your way through the program, you will see how these skills are like building blocks...you may refer back to earlier skills as often as necessary. Good luck and enjoy the ride! -Al Dunning",https://www.youtube.com/@AlDunning,2026-06-17 21:35:32
Al Dunning,reining,Curb Straps and Curb Chains,https://www.youtube.com/watch?v=jVX-DU_hV2Q,jVX-DU_hV2Q,20220408,1:46,7101,216,Curb straps and curb chains are an important part of your headstall! Different styles serve different purposes. I explain a few different types of curbs and why I use each. All of these curbs can be found at AD Tack.,https://www.youtube.com/@AlDunning,2026-06-17 21:35:32
Al Dunning,reining,Al Dunning Heavy Browband Headstall from the Professional's Choice Schutz Brothers Collection,https://www.youtube.com/watch?v=0WrePlIqdRQ,0WrePlIqdRQ,20220408,0:24,350,249,"This is my go-to snaffle headstall. Made of heavy harness leather, I use it for breaking colts, training, and riding. It can be found on my website: https://aldunning.com/product/heavy-brow-snaffle-headstall-al-dunning-collection-by-schutz-brothers/",https://www.youtube.com/@AlDunning,2026-06-17 21:35:32
Al Dunning,reining,Reysed Rich,https://www.youtube.com/watch?v=8ZFpgkRjj5c,8ZFpgkRjj5c,20220315,3:06,466,765,"Reysed Rich 2014 Sorrel Gelding, NCHA LTE $45,000+ ""Richie"" is a winner in the Novice Open and Novice Non Pro. He is a big, strong gelding with a big sweep and stop. Originally trained by Spud Sheehan and currently in training with Al Dunning in Scottsdale, AZ. Sound, solid, $25K novice eligible and ready to show! Richie was a finalist in the Cattlemens Open and $100,000 Amateur Derby, NCHA $50,000 Amateur Futurity, PCCHA $100,000 Amateur Derby, Brazos Bash $100,000 Amateur Derby and most recently made the 2021 NCHA World Finals in the $5K Novice Non Pro. Sired by AQHA Hall of Fame and #2 All Time Leading Cutting Sire Dual Rey and out of $500,000+ producer Money Talks Smart, this is your next winner! Contact Al Dunning for more information: (480) 471-4600",https://www.youtube.com/@AlDunning,2026-06-17 21:35:32
Al Dunning,reining,Smooth Pistol Annie,https://www.youtube.com/watch?v=gFZ15yppnDU,gFZ15yppnDU,20211214,3:16,688,229,"2011 AQHA Chestnut Mare ""Annie"" is a pretty, strong, quick and super cowy mare with great expression. Currently in training with Al Dunning in Scottsdale, AZ. Ready to show! Contact Al Dunning for more information: (480) 471-4600",https://www.youtube.com/@AlDunning,2026-06-17 21:35:32
Al Dunning,reining,Ray Holes Saddle Butter Endorsement featuring Al Dunning,https://www.youtube.com/watch?v=ZT49OuXdcrE,ZT49OuXdcrE,20211003,0:24,338,0,,https://www.youtube.com/@AlDunning,2026-06-17 21:35:32
Al Dunning,reining,Using Bump Technology with the CowTrac Mechanical Cow,https://www.youtube.com/watch?v=mfCB56kojtk,mfCB56kojtk,20210829,1:48,1743,0,,https://www.youtube.com/@AlDunning,2026-06-17 21:35:32
Al Dunning,reining,Cyber Monday 2020: Deal of the Day (German Martingale from Professional's Choice),https://www.youtube.com/watch?v=hXO8CUmoTsQ,hXO8CUmoTsQ,20201130,1:31,932,311,"For 24 hours only, my German Martingale from Professional's Choice's Al Dunning Collection by Schutz Brothers is now 25% off! This is a #1 seller at AD Tack you won't find discounted like this again! Here I demonstrate how I use the German Martingale while working a cutting horse on the CowTrac Mechanical Cow.",https://www.youtube.com/@AlDunning,2026-06-17 21:35:32
Al Dunning,reining,Black Friday 2020: Deal of the Day (Reins from Schutz Brothers),https://www.youtube.com/watch?v=XA3bMoJ1T4M,XA3bMoJ1T4M,20201129,0:49,207,180,"For 24 hours only, my 5/8"" Split Harness Leather Reins from Schutz Brothers are 25% off as part of our Black Friday sale! Visit www.aldunning.com/store to see my entire collection!",https://www.youtube.com/@AlDunning,2026-06-17 21:35:32
Al Dunning,reining,Black Friday 2020: Deal of the Day (Flat Caveson from Schutz Brothers),https://www.youtube.com/watch?v=Tl0R74XuQ1I,Tl0R74XuQ1I,20201128,0:44,174,159,"For 24 hours only, my Flat Caveson from Schutz Brothers is 25% off as part of our Black Friday sale! Visit www.aldunning.com/store to see my entire collection.",https://www.youtube.com/@AlDunning,2026-06-17 21:35:32
Al Dunning,reining,Black Friday 2020: Deal of the Day (Saddle Butter from Ray Holes),https://www.youtube.com/watch?v=uDpxuTzBwI0,uDpxuTzBwI0,20201127,0:28,531,177,Happy Black Friday! Our deal of the day is Ray Holes Saddle Butter - now 25% off! This is the best leather conditioning product on the market and my go-to when cleaning saddles.,https://www.youtube.com/@AlDunning,2026-06-17 21:35:32
Al Dunning,reining,Using the CowTrac Mechanical Cow with Al Dunning,https://www.youtube.com/watch?v=9azF78bNqw0,9azF78bNqw0,20191030,4:39,8815,0,,https://www.youtube.com/@AlDunning,2026-06-17 21:35:32
Al Dunning,reining,Facebook Live Q&A with Al Dunning,https://www.youtube.com/watch?v=ZZ2R8RdGPp8,ZZ2R8RdGPp8,20190516,49:44,1438,100,Al Dunning answers your questions about everything from bits and spurs to finding the right trainer.,https://www.youtube.com/@AlDunning,2026-06-17 21:35:32
Al Dunning,reining,Al Dunning & Justin Boots: Promotional Video,https://www.youtube.com/watch?v=LxulCBcexDM,LxulCBcexDM,20190308,0:30,733,0,,https://www.youtube.com/@AlDunning,2026-06-17 21:35:32
Al Dunning,reining,Rubys Dual Badger,https://www.youtube.com/watch?v=apHjG3ZGsf0,apHjG3ZGsf0,20180821,8:01,671,125,"Rubys Dual Badger - 2015 AQHA Gelding Reys Dual Badger x Ruby Tuesday DNA Sells at Billing Horse Sale August 25, 2018 Hip 148",https://www.youtube.com/@AlDunning,2026-06-17 21:35:32
Al Dunning,reining,Cutting Explained: Pacific Coast Cutting Horse Futurity,https://www.youtube.com/watch?v=WC7dB9Oj85w,WC7dB9Oj85w,20170824,4:01,18326,106,Learn more about cutting as Al Dunning critiques his own run from the Pacific Coast Cutting Horse Futurity,https://www.youtube.com/@AlDunning,2026-06-17 21:35:32
Al Dunning,reining,Cutting Explained: Overhead View,https://www.youtube.com/watch?v=dIYazT9zAH8,dIYazT9zAH8,20170824,6:00,800,104,Al Dunning explains proper position and techniques for cutting with an overhead view of one of his runs.,https://www.youtube.com/@AlDunning,2026-06-17 21:35:32
Al Dunning,reining,Team AD International: Video Coaching Example,https://www.youtube.com/watch?v=sGzzeIgFXQI,sGzzeIgFXQI,20170824,3:10,177,196,"Candice, This was an outstanding pattern! You are ready! Go over the pattern and be sure all transitions are in the appropriate places. Ride like the Champion you are! I am proud to be your coach!",https://www.youtube.com/@AlDunning,2026-06-17 21:35:32
Al Dunning,reining,Al Dunning & Winnie's Cookies: Promotional Video,https://www.youtube.com/watch?v=wEsbU2HI_RU,wEsbU2HI_RU,20170417,0:40,118,501,"The first time I was introduced to Winnie's Cookies I thought they were just a horse treat. After I found out that my horses loved Winnie's Cookies I did some research. I was impressed that these cookies were made from 12 certified organic ingredients and have no preservatives, chemicals or sugars. They are baked fresh and shipped to you the same day ordered. They also include flax seed which helps provide a healthy coat on my horses. They taste great and my horses benefit from their ingredients.",https://www.youtube.com/@AlDunning,2026-06-17 21:35:32
Al Dunning,reining,Al Dunning & Priefert Panels: Promotional Video,https://www.youtube.com/watch?v=6yMq7m0EbBc,6yMq7m0EbBc,20160620,1:04,302,152,"Al Dunning uses Priefert equipment at his Almosta Ranch in Scottsdale, AZ. The Priefert Panels are some of his most versatile pieces of ranch equipment.",https://www.youtube.com/@AlDunning,2026-06-17 21:35:32
Al Dunning,reining,CowTrac Mechanical Cow Tips (Part 1),https://www.youtube.com/watch?v=uJiudPMg2VE,uJiudPMg2VE,20160610,3:14,6336,144,Al Dunning uses his CowTrac Mechanical Cow every day. These tips explain how to get the most out of your horse using the CowTrac Mechanical Cow.,https://www.youtube.com/@AlDunning,2026-06-17 21:35:32
Al Dunning,reining,CowTrac Mechanical Cow Tips (Part 2),https://www.youtube.com/watch?v=8LaiFLxDoWA,8LaiFLxDoWA,20160610,1:29,2914,144,Al Dunning uses his CowTrac Mechanical Cow every day. These tips explain how to get the most out of your horse using the CowTrac Mechanical Cow.,https://www.youtube.com/@AlDunning,2026-06-17 21:35:32
Al Dunning,reining,CowTrac Mechanical Cow Tips (Part 3),https://www.youtube.com/watch?v=4NSQLPGMkhM,4NSQLPGMkhM,20160610,3:06,2963,144,Al Dunning uses his CowTrac Mechanical Cow every day. These tips explain how to get the most out of your horse using the CowTrac Mechanical Cow.,https://www.youtube.com/@AlDunning,2026-06-17 21:35:32
Al Dunning,reining,Interview with John Mannebach: Team AD International Accredited Trainer,https://www.youtube.com/watch?v=OwnpzZlV2_Y,OwnpzZlV2_Y,20131017,3:23,587,117,"Al Dunning talks with John Mannebach, the latest graduate of the Team AD International Trainer Accreditation Program.",https://www.youtube.com/@AlDunning,2026-06-17 21:35:32
Al Dunning,reining,Interview with Wood Hart: Team AD International Accredited Trainer,https://www.youtube.com/watch?v=SxyFGLNItmY,SxyFGLNItmY,20121004,7:43,404,112,"Al Dunning talks with Wood Hart, the latest graduate of the Team AD International Trainer Accreditation Program.",https://www.youtube.com/@AlDunning,2026-06-17 21:35:32
Al Dunning,reining,The Don Dodge Cross,https://www.youtube.com/watch?v=D1Z3caS0poY,D1Z3caS0poY,20120606,1:11,5175,0,,https://www.youtube.com/@AlDunning,2026-06-17 21:35:32
Al Dunning,reining,Introduction to CowTrac's Long Flag Accessory,https://www.youtube.com/watch?v=wa8Oo3vubKM,wa8Oo3vubKM,20120606,1:35,1133,151,CowTrac is introducing a new accessory for it's Mechanical Cow called the Long Flag. It's a great tool for better simulating the size of an actual cow!,https://www.youtube.com/@AlDunning,2026-06-17 21:35:32
Al Dunning,reining,2011 AZCHA Cutting: Zack and Blue,https://www.youtube.com/watch?v=XfFCtfwPX78,XfFCtfwPX78,20111128,2:53,391,0,,https://www.youtube.com/@AlDunning,2026-06-17 21:35:32
Al Dunning,reining,Athletic Lead Change 45 Degree: Stage 2 Skills Assessment,https://www.youtube.com/watch?v=HVpM9jkQEU0,HVpM9jkQEU0,20111028,1:08,2730,0,,https://www.youtube.com/@AlDunning,2026-06-17 21:35:32
Al Dunning,reining,Hackamore: Getting Started,https://www.youtube.com/watch?v=9HfnJ6lRBaA,9HfnJ6lRBaA,20111028,2:02,66480,0,,https://www.youtube.com/@AlDunning,2026-06-17 21:35:32
Al Dunning,reining,Hackamore: Doubling,https://www.youtube.com/watch?v=8KcsJrr9ix8,8KcsJrr9ix8,20111028,2:23,47687,0,,https://www.youtube.com/@AlDunning,2026-06-17 21:35:32
Al Dunning,reining,Bump Horses Head Down: Stage 2 Skills Assessment,https://www.youtube.com/watch?v=wAV0sGEEVYM,wAV0sGEEVYM,20111022,1:31,16302,0,,https://www.youtube.com/@AlDunning,2026-06-17 21:35:32
Al Dunning,reining,Teaching the Turnaround: 2 Year Old Backaround,https://www.youtube.com/watch?v=g9VQdZ1tyB8,g9VQdZ1tyB8,20111022,1:24,22932,0,,https://www.youtube.com/@AlDunning,2026-06-17 21:35:32
Al Dunning,reining,Al Dunning's AD Tack: Promotional Video,https://www.youtube.com/watch?v=_r_Y7X1y1Ls,_r_Y7X1y1Ls,20110930,0:30,753,0,,https://www.youtube.com/@AlDunning,2026-06-17 21:35:32
Al Dunning,reining,Warm up Drill: Recognizing Parts of the Horse,https://www.youtube.com/watch?v=aq8zfdoi9eQ,aq8zfdoi9eQ,20110823,4:59,39089,0,,https://www.youtube.com/@AlDunning,2026-06-17 21:35:32
Al Dunning,reining,Advanced Tying Off of Reins with Al Dunning and Shadd Parkinson,https://www.youtube.com/watch?v=i8v_pWuF5Dc,i8v_pWuF5Dc,20110802,2:28,12578,0,,https://www.youtube.com/@AlDunning,2026-06-17 21:35:32
Al Dunning,reining,Al Dunning's Masters Clinic 2011 | Photo Review,https://www.youtube.com/watch?v=J4RpVjkx6So,J4RpVjkx6So,20110705,3:21,2140,108,"A video slideshow from the Al Dunning 2011 Masters Clinic, held at the Almosta Ranch in Scottsdale, Arizona.",https://www.youtube.com/@AlDunning,2026-06-17 21:35:32
Al Dunning,reining,Team AD Accreditation Program Explained,https://www.youtube.com/watch?v=fk-NmNMWyhI,fk-NmNMWyhI,20110625,4:00,524,108,"In this video, Al explains why he started an accreditation program, and how the Team AD Accreditation works.",https://www.youtube.com/@AlDunning,2026-06-17 21:35:32
Al Dunning,reining,Team AD International Program Overview,https://www.youtube.com/watch?v=n4TpcmrnU2M,n4TpcmrnU2M,20110625,2:43,532,75,"Al Dunning explains Team AD International, his online membership community.",https://www.youtube.com/@AlDunning,2026-06-17 21:35:32
Al Dunning,reining,Gideon: Video Review,https://www.youtube.com/watch?v=DEtQPa9H-1M,DEtQPa9H-1M,20110521,3:04,324,54,"Recorded on May 21, 2011 using a Flip Video camcorder.",https://www.youtube.com/@AlDunning,2026-06-17 21:35:32
Al Dunning,reining,Pepto Colt: Review,https://www.youtube.com/watch?v=22QD5UwGExo,22QD5UwGExo,20110517,3:33,339,54,"Recorded on May 16, 2011 using a Flip Video camcorder.",https://www.youtube.com/@AlDunning,2026-06-17 21:35:32
Al Dunning,reining,Sandy Big Arms: Warm Up Drill Audio Review,https://www.youtube.com/watch?v=bd4rbvzGdOM,bd4rbvzGdOM,20110410,1:13,552,4,none,https://www.youtube.com/@AlDunning,2026-06-17 21:35:32
Al Dunning,reining,Sandy Big Arms: Walk & Trot Audio Review,https://www.youtube.com/watch?v=mVXeZBpMxss,mVXeZBpMxss,20110410,1:53,284,4,none,https://www.youtube.com/@AlDunning,2026-06-17 21:35:32
Al Dunning,reining,TJ Ranch: Gelding,https://www.youtube.com/watch?v=3gM7TviqH4I,3gM7TviqH4I,20110409,1:24,224,13,Ranch Gelding,https://www.youtube.com/@AlDunning,2026-06-17 21:35:32
Al Dunning,reining,Michelle L Budha & Cash McArthur,https://www.youtube.com/watch?v=hfdjAByLPlM,hfdjAByLPlM,20100830,2:23,115,13,cutting horse,https://www.youtube.com/@AlDunning,2026-06-17 21:35:32
Al Dunning,reining,Al Butte Clinic,https://www.youtube.com/watch?v=PrniQelyPcw,PrniQelyPcw,20100727,6:29,324,15,Al Butte Clinic,https://www.youtube.com/@AlDunning,2026-06-17 21:35:32
Al Dunning,reining,Mamas Money Talks Quarter Horse,https://www.youtube.com/watch?v=MsLb7iTv7C8,MsLb7iTv7C8,20100714,1:18,696,59,"Mamas Money Talks Quarter Horse, Dual Pep x Money Talks Rio",https://www.youtube.com/@AlDunning,2026-06-17 21:35:32
Al Dunning,reining,Turn Around Review,https://www.youtube.com/watch?v=NxJF6wOnS5A,NxJF6wOnS5A,20100316,0:39,4849,0,,https://www.youtube.com/@AlDunning,2026-06-17 21:35:32
Al Dunning,reining,Proper Turnarounds Tutorial for the Rider,https://www.youtube.com/watch?v=3S9zT1J40_I,3S9zT1J40_I,20100315,0:41,4840,0,,https://www.youtube.com/@AlDunning,2026-06-17 21:35:32
Al Dunning,reining,Masters Clinic Takeaway: Measuring for Growth,https://www.youtube.com/watch?v=sHxp535AJUw,sHxp535AJUw,20120516,0:34,8123,31,From Wednesday's Masters Clinic,https://www.youtube.com/@AlDunning,2026-06-17 21:35:32
